unit,age,sex,citizen,geo\time,2003 ,2004 ,2005 ,2006 ,2007 ,2008 ,2009 ,2010 ,2011 ,2012 ,2013 ,2014 ,2015 ,2016 ,2017 ,2018 ,2019 ,2020 ,2021 ,2022 
PC,Y_GE18,T,EU27_2020_FOR,AL,: ,: ,: ,: ,: ,: ,: ,: ,: ,: ,: ,: ,: ,: ,: ,: ,: u,: u,: ,: 
PC,Y_GE18,T,EU27_2020_FOR,AT,: ,: ,: ,: ,: ,: ,32.3 ,31.0 ,27.3 ,35.8 ,32.0 ,32.1 ,32.9 ,35.0 ,24.9 ,25.0 ,27.4 ,24.3 ,21.1 ,: 
PC,Y_GE18,T,EU27_2020_FOR,BE,: ,: ,: ,: ,: ,: ,17.9 ,21.8 ,24.2 ,23.2 ,22.9 ,25.1 ,22.3 ,20.3 ,21.3 ,22.8 ,19.5 b,22.0 ,19.3 ,20.6 
PC,Y_GE18,T,EU27_2020_FOR,BG,: ,: ,: ,: ,: ,: ,: u,: u,: u,: u,: u,: u,: u,: u,: u,: u,: u,: u,42.4 u,: u
PC,Y_GE18,T,EU27_2020_FOR,CH,: ,: ,: ,: ,: ,: ,14.1 ,13.5 ,13.3 ,14.5 ,12.8 ,15.3 ,16.7 ,15.9 ,15.7 ,14.5 ,16.2 ,15.1 ,14.5 ,: 
PC,Y_GE18,T,EU27_2020_FOR,CY,: ,: ,: ,: ,: ,: ,22.0 ,20.7 ,21.8 ,26.6 ,28.3 ,26.1 ,30.7 ,27.6 ,24.7 ,21.4 ,22.3 ,26.2 ,22.6 ,: 
PC,Y_GE18,T,EU27_2020_FOR,CZ,: ,: ,: ,: ,: ,: ,4.1 ,12.5 ,15.5 ,10.6 ,10.8 ,17.1 ,12.8 ,14.5 ,6.5 ,4.4 ,5.7 ,6.0 ,11.9 ,: 
PC,Y_GE18,T,EU27_2020_FOR,DE,: ,: ,: ,: ,: ,: ,18.4 ,22.3 ,14.7 ,13.0 ,18.3 ,18.2 ,18.0 ,19.2 ,15.4 ,15.4 ,11.2 ,20.5 b,19.6 ,: 
PC,Y_GE18,T,EU27_2020_FOR,DK,: ,: ,: ,: ,: ,: ,27.2 ,28.1 ,24.1 ,24.0 ,10.2 ,22.7 ,25.6 ,16.8 ,25.5 ,25.6 ,22.0 ,19.5 b,19.9 ,: 
PC,Y_GE18,T,EU27_2020_FOR,EA19,: ,: ,: ,: ,: ,: ,22.5 e,26.0 e,24.7 e,24.8 e,25.6 e,26.8 e,24.6 e,26.5 e,23.0 e,24.8 e,22.4 e,23.5 ,22.5 ,: 
PC,Y_GE18,T,EU27_2020_FOR,EE,: ,: ,: ,: ,: ,: ,10.2 u,8.7 u,19.2 u,14.3 u,13.3 u,18.4 u,15.8 u,27.8 u,32.1 u,23.7 u,21.5 ,29.6 ,28.4 u,: 
PC,Y_GE18,T,EU27_2020_FOR,EL,: ,: ,: ,: ,: ,: ,31.0 ,35.6 ,13.3 ,30.3 ,28.5 ,26.2 ,30.4 ,31.6 ,32.5 ,28.3 ,22.6 ,20.0 ,22.1 ,: 
PC,Y_GE18,T,EU27_2020_FOR,ES,: ,: ,: ,: ,: ,: ,34.9 ,37.8 ,29.8 ,38.4 ,36.1 ,38.2 ,31.6 ,40.0 ,36.9 ,45.8 ,41.1 ,37.3 ,34.2 ,: 
PC,Y_GE18,T,EU27_2020_FOR,EU,: ,: ,: ,: ,: ,: ,21.6 u,22.4 u,23.0 u,22.2 u,22.6 u,24.5 u,22.9 u,22.1 u,22.7 u,22.6 u,21.0 e,: ,: ,: 
PC,Y_GE18,T,EU27_2020_FOR,EU27_2007,: ,: ,: ,: ,: ,: ,21.6 u,22.4 u,23.0 u,22.2 u,22.6 u,24.5 u,22.9 u,22.1 u,22.7 u,22.6 u,21.0 e,: ,: ,: 
PC,Y_GE18,T,EU27_2020_FOR,EU27_2020,: ,: ,: ,: ,: ,: ,: ,25.9 u,24.6 u,24.7 u,25.4 u,26.6 u,24.5 u,26.1 u,23.0 u,24.5 u,22.4 u,23.2 u,22.2 ,: 
PC,Y_GE18,T,EU27_2020_FOR,EU28,: ,: ,: ,: ,: ,: ,: ,22.4 u,23.0 u,22.2 u,22.6 u,24.5 u,22.9 u,22.1 u,22.7 u,22.6 u,21.0 e,: ,: ,: 
PC,Y_GE18,T,EU27_2020_FOR,FI,: ,: ,: ,: ,: ,: ,18.4 ,19.0 ,22.8 ,17.6 ,22.7 ,17.7 ,19.9 ,16.5 ,7.3 ,10.5 ,11.3 ,14.0 ,11.5 ,: 
PC,Y_GE18,T,EU27_2020_FOR,FR,: ,: ,: ,: ,: ,: ,16.7 ,16.3 ,14.5 ,18.0 ,17.8 ,24.4 ,20.3 ,23.5 ,18.4 ,17.2 ,23.4 ,20.9 b,21.0 ,: 
PC,Y_GE18,T,EU27_2020_FOR,HR,: ,: ,: ,: ,: ,: ,: ,: u,: u,: u,: u,: u,11.9 u,7.0 u,19.1 u,11.6 u,17.6 u,10.5 u,7.1 u,: 
PC,Y_GE18,T,EU27_2020_FOR,HU,: ,: ,: ,: ,: ,: ,5.3 u,7.6 u,14.3 u,5.3 u,12.7 ,7.8 u,10.1 u,5.7 u,31.4 u,28.2 u,5.2 u,: u,20.6 u,: 
PC,Y_GE18,T,EU27_2020_FOR,IE,: ,: ,: ,: ,: ,: ,8.1 ,13.0 ,9.9 ,12.4 ,12.2 ,12.0 ,14.0 ,10.5 ,11.9 ,10.0 ,11.2 ,14.4 b,11.6 ,: 
PC,Y_GE18,T,EU27_2020_FOR,IS,: ,: ,: ,: ,: ,: ,23.4 ,20.5 ,16.1 ,10.8 ,14.3 ,11.3 ,17.5 ,21.9 ,12.6 ,12.6 ,: ,: ,: ,: 
PC,Y_GE18,T,EU27_2020_FOR,IT,: ,: ,: ,: ,: ,: ,20.9 ,30.6 ,39.5 ,30.4 ,32.6 ,33.6 ,31.2 ,34.0 ,28.9 ,32.0 ,24.7 ,28.0 ,31.7 ,: 
PC,Y_GE18,T,EU27_2020_FOR,LT,: ,: ,: ,: ,: ,: ,: u,: u,: u,: u,: u,: u,: u,: u,: u,: u,: u,: u,: u,: 
PC,Y_GE18,T,EU27_2020_FOR,LU,: ,: ,: ,: ,: ,: ,17.3 ,16.9 ,15.1 ,18.4 ,18.7 ,19.4 ,18.6 ,18.4 ,18.0 ,20.1 ,19.3 ,20.0 b,20.0 b,: 
PC,Y_GE18,T,EU27_2020_FOR,LV,: ,: ,: ,: ,: ,: ,40.7 u,29.9 u,29.3 u,21.3 u,13.0 u,9.1 u,31.3 u,30.6 u,10.8 u,24.3 u,31.6 u,29.6 u,8.8 u,: 
PC,Y_GE18,T,EU27_2020_FOR,ME,: ,: ,: ,: ,: ,: ,: ,: ,: ,: ,: ,: ,: ,: ,: ,11.8 u,9.9 u,6.9 u,: ,: 
PC,Y_GE18,T,EU27_2020_FOR,MK,: ,: ,: ,: ,: ,: ,: ,: u,: u,: u,: u,: u,: u,: u,: u,: u,: u,: u,: ,: 
PC,Y_GE18,T,EU27_2020_FOR,MT,: ,: ,: ,: ,: ,: ,18.3 u,21.2 u,13.8 ,21.3 ,13.6 ,14.6 ,16.7 ,14.6 ,26.7 ,18.5 ,21.6 ,14.0 ,15.9 ,: 
PC,Y_GE18,T,EU27_2020_FOR,NL,: ,: ,: ,: ,: ,: ,8.5 ,15.1 ,27.0 ,10.4 ,11.4 ,11.7 ,14.3 ,16.8 ,17.5 ,19.6 ,15.0 ,21.2 ,15.1 ,13.8 
PC,Y_GE18,T,EU27_2020_FOR,NO,: ,: ,: ,: ,: ,: ,11.5 ,9.9 ,16.6 ,16.6 ,17.8 ,14.6 ,13.4 ,14.6 ,14.0 ,16.1 ,15.0 ,12.4 ,: ,: 
PC,Y_GE18,T,EU27_2020_FOR,PL,: ,: ,: ,: ,: ,: ,: u,: u,: u,: u,: u,: u,: u,: u,: u,: u,: u,: u,: u,: 
PC,Y_GE18,T,EU27_2020_FOR,PT,: ,: ,: ,: ,: ,: ,20.9 u,16.2 u,21.6 ,17.7 ,21.3 u,23.3 u,13.1 ,20.9 ,7.1 ,7.9 ,9.8 ,5.4 ,24.3 b,: 
PC,Y_GE18,T,EU27_2020_FOR,RO,: ,: ,: ,: ,: ,: ,: u,: u,: u,: u,: u,: u,: u,: u,: u,: u,: u,: u,: ,: 
PC,Y_GE18,T,EU27_2020_FOR,RS,: ,: ,: ,: ,: ,: ,: ,: ,: ,: ,: ,31.4 ,18.0 ,20.4 ,16.8 ,17.5 ,13.4 ,11.7 u,51.9 u,: 
PC,Y_GE18,T,EU27_2020_FOR,SE,: ,: ,: ,: ,: ,: ,28.6 ,30.7 ,24.8 ,29.7 ,30.6 ,27.5 ,29.3 ,26.4 ,29.8 ,25.6 ,31.4 ,22.4 ,21.7 ,: 
PC,Y_GE18,T,EU27_2020_FOR,SI,: ,: ,: ,: ,: ,: ,13.0 ,11.1 ,18.3 ,29.6 ,38.6 ,32.7 ,28.1 ,31.3 ,25.0 ,17.9 ,18.3 ,26.7 ,19.5 ,: 
PC,Y_GE18,T,EU27_2020_FOR,SK,: ,: ,: ,: ,: ,: ,2.5 u,17.7 u,12.8 u,20.8 u,6.8 u,14.4 u,23.0 u,14.0 u,14.1 u,: u,24.1 u,16.9 u,: ,: 
PC,Y_GE18,T,EU27_2020_FOR,TR,: ,: ,: ,: ,: ,: ,: u,0.0 u,: u,2.7 u,: u,4.5 u,1.7 u,0.0 u,: u,: u,: u,: u,: ,: 
PC,Y_GE18,T,EU27_2020_FOR,UK,: ,: ,: ,: ,: ,: ,18.8 ,11.9 ,17.3 ,15.3 ,15.8 ,19.6 ,19.1 ,13.2 ,20.1 u,16.3 u,: ,: ,: ,: 
PC,Y_GE18,T,EU27_2020_FOR,XK,: ,: ,: ,: ,: ,: ,: ,: ,: ,: ,: ,: ,: ,: ,: ,1.8 u,: ,: ,: ,: 
PC,Y_GE18,T,NAT,AL,: ,: ,: ,: ,: ,: ,: ,: ,: ,: ,: ,: ,: ,: ,21.9 ,21.6 ,21.2 ,20.1 ,: ,: 
PC,Y_GE18,T,NAT,AT,11.6 ,11.2 ,10.8 ,10.9 ,10.2 ,12.2 b,11.8 ,11.5 ,11.7 ,11.6 ,11.1 ,10.3 ,10.0 ,9.7 ,10.0 ,10.4 ,10.2 ,9.7 ,10.4 ,: 
PC,Y_GE18,T,NAT,BE,13.7 ,12.8 ,12.7 ,13.4 ,13.2 ,12.8 ,12.1 ,11.9 ,12.3 ,12.7 ,12.3 ,11.7 ,11.7 ,13.0 ,13.2 ,13.3 ,11.8 b,11.7 ,10.4 ,11.4 
PC,Y_GE18,T,NAT,BG,: ,: ,: ,17.4 ,20.4 ,20.4 ,21.2 ,19.4 ,21.0 ,20.0 ,19.4 ,19.5 ,21.3 ,21.0 b,22.1 ,20.9 ,21.6 ,22.9 ,21.6 ,22.2 
PC,Y_GE18,T,NAT,CH,: ,: ,: ,: ,12.7 ,13.1 ,13.6 ,13.7 ,13.4 ,14.3 ,13.9 ,12.6 b,13.5 ,12.8 ,13.6 ,12.0 ,13.5 ,12.6 ,12.8 ,: 
PC,Y_GE18,T,NAT,CY,: ,: ,16.5 ,16.0 ,15.6 ,15.3 b,15.2 ,14.1 ,13.4 ,12.1 ,12.7 ,12.6 ,13.3 ,13.7 ,13.4 ,12.9 ,11.9 ,11.1 ,10.8 ,: 
PC,Y_GE18,T,NAT,CZ,: ,: ,8.4 ,8.2 ,7.9 ,8.0 ,7.5 ,7.8 ,8.5 ,8.6 ,8.0 ,8.6 ,8.6 ,8.6 ,8.5 ,9.2 ,9.9 ,9.2 ,7.7 ,: 
PC,Y_GE18,T,NAT,DE,: ,: ,11.9 ,12.3 ,15.2 ,14.9 ,15.5 ,15.0 ,15.8 ,16.2 ,16.3 ,16.8 ,16.8 ,16.4 ,16.0 ,16.2 ,15.4 ,14.6 b,14.2 ,: 
PC,Y_GE18,T,NAT,DK,11.7 ,10.8 ,11.8 ,11.7 ,11.7 ,12.0 ,13.3 ,13.2 ,11.9 b,11.7 ,12.0 ,12.3 ,11.7 ,12.0 ,12.1 ,12.3 ,12.4 ,11.2 b,12.0 ,: 
PC,Y_GE18,T,NAT,EA19,: ,: ,14.3 ,14.4 ,14.9 ,14.5 ,14.4 ,14.2 ,14.9 ,15.0 ,14.9 ,15.3 ,15.4 ,15.4 ,15.1 ,15.1 ,14.7 ,14.5 ,14.7 ,: 
PC,Y_GE18,T,NAT,EE,: ,18.0 ,16.5 ,17.1 ,18.8 ,19.2 ,18.4 ,14.5 ,15.5 ,16.0 ,17.6 ,20.4 b,20.6 ,20.5 ,20.0 ,21.9 ,21.0 ,21.0 ,20.6 ,: 
PC,Y_GE18,T,NAT,EL,20.3 ,19.4 ,19.1 ,19.7 ,18.9 ,18.7 ,17.9 ,17.8 ,19.7 ,21.0 ,19.3 ,19.5 ,18.5 ,18.7 ,17.8 ,16.0 ,16.0 ,16.0 ,17.9 ,: 
PC,Y_GE18,T,NAT,ES,: ,20.8 ,18.5 ,18.2 ,17.4 ,15.5 b,16.2 ,16.4 ,16.6 ,16.3 ,16.2 ,18.1 ,18.4 ,18.4 ,17.8 ,17.9 ,16.4 ,16.9 ,16.9 ,: 
PC,Y_GE18,T,NAT,EU,: ,: ,: ,: ,15.3 e,15.0 e,14.8 e,14.7 e,15.2 e,15.2 e,15.0 e,15.4 e,15.6 e,15.6 e,15.3 e,15.5 e,15.3 e,: ,: ,: 
PC,Y_GE18,T,NAT,EU27_2007,: ,: ,15.2 e,15.2 e,15.3 ,15.0 ,14.8 ,14.6 ,15.1 ,15.1 ,15.0 ,15.4 ,15.6 ,15.5 ,15.3 e,15.5 e,15.3 e,: ,: ,: 
PC,Y_GE18,T,NAT,EU27_2020,: ,: ,: ,: ,: ,: ,: ,14.5 e,15.2 e,15.2 e,15.1 e,15.4 e,15.6 e,15.6 e,15.2 e,15.3 e,15.1 e,14.9 ,14.8 ,: 
PC,Y_GE18,T,NAT,EU28,: ,: ,: ,: ,: ,: ,: ,14.7 ,15.2 ,15.2 ,15.0 ,15.4 ,15.6 ,15.6 ,15.3 e,15.5 e,15.3 e,: ,: ,: 
PC,Y_GE18,T,NAT,FI,: ,11.0 ,11.8 ,13.0 ,13.2 ,13.6 ,13.9 ,13.2 ,13.7 ,13.4 ,12.2 ,13.0 ,12.6 ,11.9 ,11.5 ,12.0 ,11.7 ,12.0 ,11.0 ,: 
PC,Y_GE18,T,NAT,FR,: ,11.8 ,11.4 ,11.6 ,11.3 ,10.4 b,10.5 ,10.6 ,11.5 ,11.6 ,11.3 ,11.0 ,11.1 ,10.7 ,10.3 ,10.3 ,10.6 ,10.8 b,11.6 ,: 
PC,Y_GE18,T,NAT,HR,: ,: ,: ,: ,: ,: ,: ,20.7 ,20.8 ,19.6 ,18.9 ,19.0 ,19.7 ,19.3 ,19.5 ,19.0 ,18.5 ,18.6 ,19.6 ,: 
PC,Y_GE18,T,NAT,HU,: ,: ,11.9 ,13.5 ,10.5 ,10.6 ,10.5 ,10.4 ,12.0 ,12.5 ,13.1 ,12.9 ,13.2 ,13.1 ,12.8 ,11.7 ,11.9 ,12.3 ,12.5 ,: 
PC,Y_GE18,T,NAT,IE,20.1 ,20.0 ,18.3 ,16.7 ,16.0 ,14.5 ,13.7 ,13.7 ,14.8 ,15.3 ,14.6 ,15.4 ,15.0 ,15.8 ,14.8 ,14.6 ,12.6 ,12.6 b,12.7 ,: 
PC,Y_GE18,T,NAT,IS,: ,9.2 ,9.5 ,8.7 ,9.3 ,9.5 ,9.8 ,8.4 ,8.2 ,6.9 ,7.9 ,6.9 ,8.1 ,7.6 ,9.1 ,7.4 ,: ,: ,: ,: 
PC,Y_GE18,T,NAT,IT,: ,17.4 ,17.9 ,17.8 ,17.9 ,17.4 ,16.5 ,16.3 ,17.4 ,17.2 ,17.0 ,16.9 ,17.2 ,17.8 ,17.4 ,17.7 ,18.1 ,17.8 ,17.5 ,: 
PC,Y_GE18,T,NAT,LT,: ,: ,18.8 ,18.7 ,18.4 ,20.4 ,19.7 ,19.6 ,17.9 ,18.1 ,19.1 ,18.2 ,20.7 ,21.0 ,22.3 ,22.7 ,20.0 ,21.1 ,20.6 ,: 
PC,Y_GE18,T,NAT,LU,7.1 ,5.8 ,6.0 ,7.5 ,7.1 ,6.1 ,8.0 ,7.4 ,6.3 ,6.8 ,8.6 ,8.7 ,7.8 ,8.5 b,10.4 ,10.1 ,10.8 ,10.4 b,10.1 b,: 
PC,Y_GE18,T,NAT,LV,: ,: ,18.9 ,22.7 ,20.8 ,25.2 ,25.8 ,19.2 ,17.2 ,17.7 ,18.1 ,19.5 ,21.5 ,21.2 ,21.6 ,23.3 ,23.6 ,22.0 ,23.2 ,: 
PC,Y_GE18,T,NAT,ME,: ,: ,: ,: ,: ,: ,: ,: ,: ,: ,21.0 ,21.2 ,21.7 ,21.6 ,20.7 ,20.0 ,20.6 ,19.1 ,: ,: 
PC,Y_GE18,T,NAT,MK,: ,: ,: ,: ,: ,: ,: ,25.7 ,25.1 ,24.8 ,22.5 ,20.3 ,19.7 ,20.1 ,20.1 ,19.9 ,20.0 ,19.7 ,: ,: 
PC,Y_GE18,T,NAT,MT,: ,: ,13.3 ,13.2 ,13.7 ,13.8 ,13.3 ,13.8 ,13.7 ,13.2 ,13.5 ,13.6 ,14.8 ,15.4 ,15.4 ,15.6 ,15.9 ,15.9 ,15.9 ,: 
PC,Y_GE18,T,NAT,NL,: ,: ,9.1 ,8.4 ,8.8 ,9.3 ,9.5 ,8.9 ,9.1 ,8.9 ,9.5 ,10.8 ,10.5 ,11.4 b,12.4 ,12.7 ,12.5 ,12.4 ,13.8 ,14.1 
PC,Y_GE18,T,NAT,NO,11.1 ,11.0 ,11.0 ,11.7 ,11.2 ,10.9 ,10.6 ,10.5 ,10.0 ,9.6 ,10.1 ,10.6 ,11.6 ,11.2 ,11.1 ,11.7 ,11.2 ,11.5 ,: ,: 
PC,Y_GE18,T,NAT,PL,: ,: ,18.4 ,17.4 ,15.7 ,15.8 ,16.1 ,16.7 ,16.7 ,16.2 ,15.9 ,15.7 ,16.6 ,16.7 ,15.4 ,15.5 ,16.0 ,15.8 ,14.8 p,: 
PC,Y_GE18,T,NAT,PT,: ,19.2 ,18.3 ,17.8 ,17.5 ,17.6 ,16.8 ,16.9 ,16.6 ,16.8 ,17.2 ,17.9 ,18.1 ,18.0 ,17.7 ,16.9 ,16.9 ,15.6 ,17.9 b,: 
PC,Y_GE18,T,NAT,RO,: ,: ,: ,: ,22.3 ,21.1 ,19.7 ,19.1 ,19.7 ,20.4 ,20.2 ,21.7 ,22.5 ,22.4 ,21.5 ,21.6 ,22.1 ,21.8 ,20.8 ,: 
PC,Y_GE18,T,NAT,RS,: ,: ,: ,: ,: ,: ,: ,: ,: ,: ,: ,24.0 ,25.9 ,25.1 ,24.8 ,23.3 ,22.0 ,21.1 ,21.2 ,: 
PC,Y_GE18,T,NAT,SE,: ,10.0 ,8.4 ,10.0 ,9.1 ,11.8 b,12.6 ,12.4 ,13.0 ,12.7 ,13.5 ,13.0 ,13.5 ,13.1 ,12.3 ,12.8 ,12.3 ,12.7 ,12.2 ,: 
PC,Y_GE18,T,NAT,SI,: ,: ,12.1 ,11.6 ,11.5 ,12.4 ,11.1 ,12.3 ,12.9 ,12.7 ,13.7 ,13.4 ,13.4 ,13.4 ,12.6 ,12.9 ,11.8 ,12.2 ,11.7 ,: 
PC,Y_GE18,T,NAT,SK,: ,: ,11.9 ,10.3 ,9.1 ,9.6 ,9.8 ,10.6 ,11.3 ,11.5 ,11.2 ,11.2 ,10.5 ,10.9 ,10.6 ,10.3 ,10.2 ,10.1 ,: ,: 
PC,Y_GE18,T,NAT,TR,: ,: ,: ,21.6 ,20.1 ,20.2 ,20.9 ,20.1 ,19.3 ,19.2 ,18.5 ,18.6 ,18.1 ,18.4 ,17.7 ,17.5 ,17.8 ,18.9 ,: ,: 
PC,Y_GE18,T,NAT,UK,: ,: ,17.6 ,17.4 ,16.9 ,17.4 ,15.9 ,15.9 ,15.4 ,15.1 b,14.8 ,15.7 ,15.4 ,14.9 ,16.4 bu,17.7 u,: ,: ,: ,: 
PC,Y_GE18,T,NAT,XK,: ,: ,: ,: ,: ,: ,: ,: ,: ,: ,: ,: ,: ,: ,: ,27.0 ,: ,: ,: ,: 
PC,Y_GE18,T,NEU27_2020_FOR,AL,: ,: ,: ,: ,: ,: ,: ,: ,: ,: ,: ,: ,: ,: ,: ,: ,: u,: u,: ,: 
PC,Y_GE18,T,NEU27_2020_FOR,AT,: ,: ,: ,: ,: ,: ,33.5 ,34.7 ,32.8 ,25.8 ,30.7 ,36.0 ,34.2 ,39.0 ,39.9 ,33.6 ,29.4 ,37.4 ,38.4 ,: 
PC,Y_GE18,T,NEU27_2020_FOR,BE,: ,: ,: ,: ,: ,: ,49.1 ,51.9 ,55.1 ,49.2 ,56.7 ,60.1 ,53.9 ,50.6 ,53.6 ,47.4 ,41.3 b,41.1 ,35.5 ,34.9 
PC,Y_GE18,T,NEU27_2020_FOR,BG,: ,: ,: ,: ,: ,: ,23.1 u,27.9 u,9.6 u,18.6 u,28.8 u,13.9 u,10.9 u,13.1 ,16.3 ,33.5 ,19.8 ,20.7 ,44.3 u,44.5 u
PC,Y_GE18,T,NEU27_2020_FOR,CH,: ,: ,: ,: ,: ,: ,28.0 ,22.8 ,26.7 ,29.4 ,19.0 ,19.8 ,25.0 ,23.2 ,25.0 ,26.1 ,32.5 ,31.7 ,28.8 ,: 
PC,Y_GE18,T,NEU27_2020_FOR,CY,: ,: ,: ,: ,: ,: ,32.8 ,36.4 ,30.5 ,32.1 ,30.8 ,28.0 ,28.7 ,25.4 ,29.3 ,29.4 ,30.4 ,31.0 ,35.4 ,: 
PC,Y_GE18,T,NEU27_2020_FOR,CZ,: ,: ,: ,: ,: ,: ,20.3 ,7.9 ,11.1 ,22.5 ,10.0 ,6.6 ,11.1 ,11.5 ,13.8 ,15.0 ,9.9 ,6.3 ,10.3 ,: 
PC,Y_GE18,T,NEU27_2020_FOR,DE,: ,: ,: ,: ,: ,: ,27.4 ,34.7 ,29.9 ,26.1 ,27.2 ,29.2 ,35.7 ,32.3 ,35.5 ,22.8 ,22.9 ,32.8 b,33.8 ,: 
PC,Y_GE18,T,NEU27_2020_FOR,DK,: ,: ,: ,: ,: ,: ,29.7 ,31.1 ,32.7 ,37.8 ,36.9 ,29.2 ,37.9 ,30.6 ,32.5 ,31.9 ,27.7 ,40.8 b,31.3 ,: 
PC,Y_GE18,T,NEU27_2020_FOR,EA19,: ,: ,: ,: ,: ,: ,36.2 e,37.5 e,38.8 e,37.4 e,38.7 e,40.4 e,40.0 e,41.1 e,42.1 e,38.9 e,38.6 e,38.9 ,39.4 ,: 
PC,Y_GE18,T,NEU27_2020_FOR,EE,: ,: ,: ,: ,: ,: ,25.6 ,21.1 ,24.6 ,26.4 ,25.5 ,32.8 ,29.9 ,33.4 ,33.9 ,33.6 ,33.8 ,28.5 ,29.1 ,: 
PC,Y_GE18,T,NEU27_2020_FOR,EL,: ,: ,: ,: ,: ,: ,35.9 ,45.0 ,45.6 ,46.8 ,58.4 ,51.5 ,46.9 ,42.6 ,42.3 ,39.3 ,35.7 ,33.3 ,37.6 ,: 
PC,Y_GE18,T,NEU27_2020_FOR,ES,: ,: ,: ,: ,: ,: ,40.6 ,41.0 ,46.4 ,46.5 ,45.3 ,52.3 ,54.5 ,50.9 ,52.3 ,50.0 ,50.4 ,49.5 ,58.7 ,: 
PC,Y_GE18,T,NEU27_2020_FOR,EU,: ,: ,: ,: ,: ,: ,35.0 e,36.6 u,37.0 e,34.8 e,35.8 e,37.1 e,37.2 e,38.2 e,40.8 u,37.8 e,37.6 e,: ,: ,: 
PC,Y_GE18,T,NEU27_2020_FOR,EU27_2007,: ,: ,: ,: ,: ,: ,35.0 e,36.6 u,37.0 e,34.8 e,35.7 e,37.1 e,37.2 e,38.2 e,40.8 u,37.8 e,37.6 e,: ,: ,: 
PC,Y_GE18,T,NEU27_2020_FOR,EU27_2020,: ,: ,: ,: ,: ,: ,: ,37.6 u,38.8 u,37.5 e,38.5 e,40.1 e,39.9 e,41.0 e,41.8 e,38.9 e,38.6 e,38.7 ,38.7 ,: 
PC,Y_GE18,T,NEU27_2020_FOR,EU28,: ,: ,: ,: ,: ,: ,: ,36.6 u,37.0 e,34.8 e,35.8 e,37.1 e,37.2 e,38.2 e,40.8 u,37.8 e,37.6 e,: ,: ,: 
PC,Y_GE18,T,NEU27_2020_FOR,FI,: ,: ,: ,: ,: ,: ,39.2 ,39.1 ,38.3 ,38.2 ,29.0 ,36.1 ,35.9 ,32.8 ,31.1 ,24.4 ,22.8 ,25.9 ,19.5 ,: 
PC,Y_GE18,T,NEU27_2020_FOR,FR,: ,: ,: ,: ,: ,: ,43.2 ,45.6 ,46.0 ,42.8 ,48.9 ,40.0 ,39.8 ,41.1 ,41.4 ,40.7 ,45.5 ,48.3 b,39.5 ,: 
PC,Y_GE18,T,NEU27_2020_FOR,HR,: ,: ,: ,: ,: ,: ,: ,36.9 u,40.8 ,41.8 ,42.9 ,31.1 u,43.6 ,36.7 ,49.6 ,47.8 ,33.6 ,33.0 ,31.6 u,: 
PC,Y_GE18,T,NEU27_2020_FOR,HU,: ,: ,: ,: ,: ,: ,19.3 u,: u,16.0 u,: u,20.9 u,: u,: u,: u,10.6 ,23.1 ,: u,: u,: u,: 
PC,Y_GE18,T,NEU27_2020_FOR,IE,: ,: ,: ,: ,: ,: ,18.6 ,17.4 ,13.9 ,19.8 ,21.0 ,34.4 ,30.8 ,32.3 ,27.8 ,25.2 ,18.3 ,24.1 b,13.1 ,: 
PC,Y_GE18,T,NEU27_2020_FOR,IS,: ,: ,: ,: ,: ,: ,20.0 ,23.4 ,14.4 ,21.4 ,13.8 ,11.3 ,11.6 ,20.9 ,20.0 ,18.0 ,: ,: ,: ,: 
PC,Y_GE18,T,NEU27_2020_FOR,IT,: ,: ,: ,: ,: ,: ,32.1 ,33.6 ,32.4 ,31.0 ,30.8 ,36.5 ,35.0 ,39.8 ,41.5 ,38.8 ,34.8 ,37.2 ,37.8 ,: 
PC,Y_GE18,T,NEU27_2020_FOR,LT,: ,: ,: ,: ,: ,: ,10.9 ,17.0 ,16.3 ,17.3 ,29.5 u,21.4 ,30.7 ,31.7 ,25.7 ,26.7 ,32.9 ,26.5 ,28.1 ,: 
PC,Y_GE18,T,NEU27_2020_FOR,LU,: ,: ,: ,: ,: ,: ,32.8 ,32.8 ,38.2 ,35.0 ,32.3 ,33.3 ,39.7 ,36.0 ,37.0 ,31.2 ,34.0 ,34.2 b,35.4 b,: 
PC,Y_GE18,T,NEU27_2020_FOR,LV,: ,: ,: ,: ,: ,: ,28.8 ,21.9 ,19.8 ,20.2 ,20.8 ,25.6 ,26.8 ,29.9 ,30.1 ,32.5 ,31.8 ,28.8 ,35.9 ,: 
PC,Y_GE18,T,NEU27_2020_FOR,ME,: ,: ,: ,: ,: ,: ,: ,: ,: ,: ,: ,: ,: ,: ,: ,39.3 ,37.1 ,29.9 ,: ,: 
PC,Y_GE18,T,NEU27_2020_FOR,MK,: ,: ,: ,: ,: ,: ,: ,18.9 ,46.4 u,28.8 u,24.6 u,37.3 u,33.2 u,33.4 u,50.6 u,56.8 ,34.4 ,31.9 ,: ,: 
PC,Y_GE18,T,NEU27_2020_FOR,MT,: ,: ,: ,: ,: ,: ,14.7 ,22.0 ,23.8 ,19.3 ,24.6 ,24.3 ,25.0 ,21.6 ,23.0 ,25.9 ,24.8 ,26.3 ,28.4 ,: 
PC,Y_GE18,T,NEU27_2020_FOR,NL,: ,: ,: ,: ,: ,: ,25.0 ,16.8 ,28.9 ,26.1 ,25.0 ,24.4 ,15.2 ,42.7 ,32.1 ,33.7 ,37.7 ,38.3 ,39.2 ,43.0 
PC,Y_GE18,T,NEU27_2020_FOR,NO,: ,: ,: ,: ,: ,: ,36.8 ,32.1 ,33.0 ,27.0 ,28.1 ,24.4 ,31.4 ,38.6 ,35.3 ,34.8 ,35.7 ,32.1 ,: ,: 
PC,Y_GE18,T,NEU27_2020_FOR,PL,: ,: ,: ,: ,: ,: ,16.9 u,: u,: u,26.6 u,23.2 u,8.2 u,6.3 u,28.4 u,34.0 u,13.1 ,14.6 ,10.2 ,10.0 p,: 
PC,Y_GE18,T,NEU27_2020_FOR,PT,: ,: ,: ,: ,: ,: ,11.8 ,21.1 ,35.0 ,28.4 ,35.2 ,30.8 ,37.7 ,35.2 ,32.0 ,19.3 ,24.3 ,16.2 ,25.6 b,: 
PC,Y_GE18,T,NEU27_2020_FOR,RO,: ,: ,: ,: ,: ,: ,: u,: u,: u,: u,: u,: u,: u,: u,: u,: u,: u,: u,: ,: 
PC,Y_GE18,T,NEU27_2020_FOR,RS,: ,: ,: ,: ,: ,: ,: ,: ,: ,: ,23.3 ,20.0 ,26.8 ,19.1 ,26.9 ,24.1 ,20.0 u,38.2 u,8.6 u,: 
PC,Y_GE18,T,NEU27_2020_FOR,SE,: ,: ,: ,: ,: ,: ,46.2 ,50.8 ,54.1 ,47.7 ,42.9 ,49.4 ,52.8 ,53.0 ,48.9 ,53.1 ,53.0 ,43.8 ,42.0 ,: 
PC,Y_GE18,T,NEU27_2020_FOR,SI,: ,: ,: ,: ,: ,: ,35.4 ,42.5 ,37.6 ,43.5 ,37.5 ,44.4 ,43.2 ,41.6 ,34.2 ,34.0 ,26.4 ,26.3 ,21.9 ,: 
PC,Y_GE18,T,NEU27_2020_FOR,SK,: ,: ,: ,: ,: ,: ,: u,: u,: u,: u,: u,: u,: u,: u,: u,: u,: u,: u,: ,: 
PC,Y_GE18,T,NEU27_2020_FOR,TR,: ,: ,: ,: ,: ,: ,: u,23.1 u,18.5 u,9.4 u,10.2 u,11.8 ,17.5 ,29.1 ,16.9 ,23.4 ,22.8 ,23.4 ,: ,: 
PC,Y_GE18,T,NEU27_2020_FOR,UK,: ,: ,: ,: ,: ,: ,27.8 ,30.4 ,25.5 ,23.3 ,21.3 ,20.8 ,22.3 ,23.4 ,18.1 u,26.3 u,: ,: ,: ,: 
PC,Y_GE18,T,NEU27_2020_FOR,XK,: ,: ,: ,: ,: ,: ,: ,: ,: ,: ,: ,: ,: ,: ,: ,33.5 ,: ,: ,: ,: 
